{"stats":{"minecraft:mined":{"minecraft:oak_leaves":2},"minecraft:picked_up":{"minecraft:stick":2},"minecraft:used":{"minecraft:sea_lantern":2,"minecraft:crafting_table":1},"minecraft:custom":{"minecraft:jump":49,"minecraft:time_since_rest":16579,"minecraft:crouch_one_cm":243,"minecraft:leave_game":1,"minecraft:play_time":16579,"minecraft:sprint_one_cm":4878,"minecraft:time_since_death":16579,"minecraft:walk_one_cm":14078,"minecraft:sneak_time":164,"minecraft:total_world_time":16579,"minecraft:interact_with_crafting_table":1,"minecraft:fly_one_cm":47703}},"DataVersion":3465}