{"stats":{"minecraft:mined":{"minecraft:wheat":2,"treechop:chopped_log":2,"minecraft:crafting_table":2,"minecraft:grass":2,"biomesoplenty:bush":1,"minecraft:stone_button":1,"minecraft:grass_block":3,"minecraft:oak_log":3,"projectvibrantjourneys:short_grass":1,"minecraft:tall_grass":4,"minecraft:iron_block":1,"minecraft:oak_leaves":5},"minecraft:picked_up":{"minecraft:book":1,"minecraft:stick":2,"projectvibrantjourneys:light_brown_bark_mushroom":1,"minecraft:crafting_table":2,"minecraft:wheat":176,"projectvibrantjourneys:bark_mushroom":1,"minecraft:oak_log":14,"minecraft:stone_button":1,"minecraft:carrot":3,"minecraft:gunpowder":2,"minecraft:spider_eye":1,"minecraft:string":1,"minecraft:dirt":3,"minecraft:bone":1,"immersive_weathering:oak_bark":16,"minecraft:experience_bottle":3,"minecraft:arrow":2,"minecraft:rotten_flesh":1,"minecraft:beetroot":1,"minecraft:beetroot_seeds":3,"minecraft:wheat_seeds":304,"minecraft:iron_ingot":6,"minecraft:iron_block":1,"minecraft:poppy":1,"minecraft:emerald":1,"minecraft:oak_sapling":8,"minecraft:mutton":3,"minecraft:iron_sword":1,"minecraft:white_wool":2},"minecraft:used":{"minecraft:sea_lantern":2,"minecraft:stone_sword":5,"minecraft:grass_block":2,"minecraft:bread":10,"minecraft:stone_pickaxe":2,"minecraft:stone_button":1,"minecraft:iron_sword":25,"minecraft:stone_axe":75,"minecraft:farmland":5,"minecraft:dirt":3,"minecraft:crafting_table":3,"minecraft:carrot":4,"minecraft:white_bed":1,"minecraft:cooked_beef":2,"minecraft:oak_fence":7,"minecraft:experience_bottle":3,"minecraft:oak_log":3,"minecraft:wheat_seeds":19},"minecraft:killed":{"minecraft:sheep":2,"minecraft:skeleton":1,"minecraft:zombie":2,"minecraft:spider":1,"minecraft:iron_golem":1,"minecraft:creeper":1},"minecraft:custom":{"minecraft:time_since_rest":13688,"minecraft:interact_with_smithing_table":1,"minecraft:interact_with_furnace":2,"minecraft:sprint_one_cm":224373,"minecraft:damage_taken":327,"minecraft:walk_one_cm":184825,"minecraft:mob_kills":8,"minecraft:animals_bred":10,"minecraft:damage_dealt":2148,"minecraft:talked_to_villager":6,"minecraft:swim_one_cm":1342,"minecraft:interact_with_crafting_table":5,"minecraft:fly_one_cm":358333,"minecraft:open_chest":4,"minecraft:crouch_one_cm":4962,"minecraft:play_time":186409,"minecraft:bell_ring":6,"minecraft:sneak_time":1803,"minecraft:walk_under_water_one_cm":1426,"minecraft:jump":992,"minecraft:leave_game":5,"minecraft:time_since_death":186409,"minecraft:walk_on_water_one_cm":525,"minecraft:sleep_in_bed":3,"minecraft:total_world_time":186409,"minecraft:climb_one_cm":2767,"minecraft:fall_one_cm":25522},"minecraft:crafted":{"minecraft:oak_planks":4,"minecraft:crafting_table":1,"minecraft:bread":51}},"DataVersion":3465}