{"stats":{"minecraft:mined":{"minecraft:wheat":2,"treechop:chopped_log":2,"minecraft:crafting_table":1,"minecraft:grass":1,"biomesoplenty:bush":1,"minecraft:stone_button":1,"minecraft:grass_block":3,"minecraft:oak_log":3,"projectvibrantjourneys:short_grass":1,"minecraft:tall_grass":4,"minecraft:iron_block":1,"minecraft:oak_leaves":5},"minecraft:picked_up":{"minecraft:book":1,"minecraft:stick":2,"projectvibrantjourneys:light_brown_bark_mushroom":1,"minecraft:crafting_table":1,"minecraft:wheat":176,"projectvibrantjourneys:bark_mushroom":1,"minecraft:oak_log":14,"minecraft:stone_button":1,"minecraft:carrot":3,"minecraft:gunpowder":2,"minecraft:spider_eye":1,"minecraft:string":1,"minecraft:dirt":3,"minecraft:bone":1,"immersive_weathering:oak_bark":16,"minecraft:experience_bottle":3,"minecraft:arrow":2,"minecraft:rotten_flesh":1,"minecraft:beetroot":1,"minecraft:beetroot_seeds":3,"minecraft:wheat_seeds":303,"minecraft:iron_ingot":6,"minecraft:iron_block":1,"minecraft:poppy":1,"minecraft:emerald":1,"minecraft:oak_sapling":8,"minecraft:mutton":3,"minecraft:iron_sword":1,"minecraft:white_wool":2},"minecraft:used":{"minecraft:sea_lantern":2,"minecraft:stone_sword":5,"minecraft:grass_block":2,"minecraft:bread":8,"minecraft:stone_pickaxe":2,"minecraft:stone_button":1,"minecraft:iron_sword":24,"minecraft:stone_axe":73,"minecraft:farmland":5,"minecraft:dirt":3,"minecraft:crafting_table":2,"minecraft:carrot":4,"minecraft:white_bed":1,"minecraft:cooked_beef":2,"minecraft:oak_fence":7,"minecraft:experience_bottle":3,"minecraft:oak_log":3,"minecraft:wheat_seeds":9},"minecraft:killed":{"minecraft:sheep":2,"minecraft:skeleton":1,"minecraft:zombie":2,"minecraft:spider":1,"minecraft:iron_golem":1,"minecraft:creeper":1},"minecraft:custom":{"minecraft:time_since_rest":1688,"minecraft:interact_with_smithing_table":1,"minecraft:interact_with_furnace":2,"minecraft:sprint_one_cm":186765,"minecraft:damage_taken":327,"minecraft:walk_one_cm":158583,"minecraft:mob_kills":8,"minecraft:animals_bred":4,"minecraft:damage_dealt":2120,"minecraft:talked_to_villager":6,"minecraft:swim_one_cm":1342,"minecraft:interact_with_crafting_table":4,"minecraft:fly_one_cm":316409,"minecraft:open_chest":4,"minecraft:crouch_one_cm":4610,"minecraft:play_time":174409,"minecraft:bell_ring":6,"minecraft:sneak_time":1712,"minecraft:walk_under_water_one_cm":1426,"minecraft:jump":812,"minecraft:leave_game":5,"minecraft:time_since_death":174409,"minecraft:walk_on_water_one_cm":525,"minecraft:sleep_in_bed":3,"minecraft:total_world_time":174409,"minecraft:climb_one_cm":2767,"minecraft:fall_one_cm":21946},"minecraft:crafted":{"minecraft:oak_planks":4,"minecraft:crafting_table":1,"minecraft:bread":51}},"DataVersion":3465}