{"stats":{"minecraft:mined":{"minecraft:tuff":1,"minecraft:brewing_stand":1,"projectvibrantjourneys:rocks":1,"minecraft:obsidian":4,"minecraft:glow_lichen":1,"biomesoplenty:bush":1,"minecraft:stone_button":1,"minecraft:grass_block":4,"minecraft:magma_block":4,"minecraft:iron_ore":2,"minecraft:fire":2,"treechop:chopped_log":3,"minecraft:deepslate_lapis_ore":5,"minecraft:bookshelf":8,"minecraft:water_cauldron":1,"minecraft:deepslate_iron_ore":10,"minecraft:iron_bars":2,"minecraft:iron_block":1,"minecraft:stone":11,"minecraft:podzol":1,"supplementaries:book_pile_horizontal":2,"minecraft:deepslate_redstone_ore":12,"minecraft:blackstone":2,"immersive_weathering:spruce_leaf_pile":1,"minecraft:brown_carpet":2,"minecraft:crafting_table":4,"minecraft:tall_grass":4,"minecraft:cobblestone":1,"spelunkers_charm:deepslate_geyser":1,"minecraft:oak_planks":6,"supplementaries:urn":2,"minecraft:wheat":2,"minecraft:grass":2,"minecraft:oak_log":3,"projectvibrantjourneys:short_grass":6,"minecraft:dirt":1,"minecraft:oak_leaves":5,"minecraft:deepslate":9,"minecraft:fern":1},"minecraft:picked_up":{"minecraft:crafting_table":4,"minecraft:wheat":185,"spelunkers_charm:deepslate_rock":2,"minecraft:brewing_stand":1,"minecraft:string":6,"minecraft:experience_bottle":3,"minecraft:blackstone":1,"minecraft:beetroot":1,"minecraft:cobbled_deepslate":9,"minecraft:spruce_planks":24,"minecraft:poppy":1,"minecraft:raw_iron":6,"minecraft:stick":3,"projectvibrantjourneys:bark_mushroom":1,"minecraft:stone_button":1,"minecraft:carrot":3,"minecraft:redstone":56,"minecraft:cauldron":2,"minecraft:brown_carpet":2,"immersive_weathering:oak_bark":16,"minecraft:arrow":36,"minecraft:rotten_flesh":1,"minecraft:beetroot_seeds":3,"minecraft:iron_block":1,"minecraft:bookshelf":13,"supplementaries:ash":9,"minecraft:mutton":9,"minecraft:obsidian":4,"minecraft:iron_bars":1,"minecraft:white_wool":2,"minecraft:cobblestone":10,"minecraft:potato":4,"minecraft:oak_log":14,"minecraft:gunpowder":2,"minecraft:lapis_lazuli":35,"minecraft:dirt":7,"minecraft:bone":24,"minecraft:bow":1,"minecraft:wheat_seeds":305,"minecraft:raw_gold":7,"minecraft:iron_ingot":6,"minecraft:oak_planks":68,"minecraft:iron_sword":1,"minecraft:book":108,"projectvibrantjourneys:light_brown_bark_mushroom":1,"endrem:lost_eye":1,"minecraft:spruce_sapling":2,"minecraft:spruce_log":16,"minecraft:dark_oak_log":8,"minecraft:spider_eye":4,"minecraft:diamond":3,"minecraft:emerald":1,"projectvibrantjourneys:orange_bark_mushroom":1,"minecraft:oak_sapling":8,"minecraft:diamond_pickaxe":1},"minecraft:killed":{"minecraft:spider":2,"minecraft:skeleton":5,"minecraft:iron_golem":1,"minecraft:creeper":1,"minecraft:sheep":2,"minecraft:zombie":9},"minecraft:used":{"minecraft:oak_fence":7,"minecraft:stone_sword":5,"minecraft:iron_sword":83,"minecraft:farmland":5,"endrem:lost_eye":1,"minecraft:dirt":7,"minecraft:carrot":4,"minecraft:sea_lantern":2,"minecraft:bookshelf":37,"minecraft:grass_block":2,"minecraft:brown_carpet":2,"minecraft:cooked_beef":5,"minecraft:wheat_seeds":19,"minecraft:stone_pickaxe":36,"minecraft:oak_planks":8,"minecraft:crafting_table":5,"minecraft:white_bed":1,"minecraft:book":5,"minecraft:oak_log":3,"minecraft:diamond_pickaxe":9,"minecraft:bread":36,"minecraft:iron_pickaxe":29,"minecraft:stone_button":1,"minecraft:stone_axe":104,"minecraft:cobblestone":2,"minecraft:splash_potion":1,"minecraft:experience_bottle":3},"minecraft:custom":{"minecraft:interact_with_smithing_table":1,"minecraft:mob_kills":20,"minecraft:animals_bred":10,"minecraft:interact_with_crafting_table":12,"minecraft:bell_ring":11,"minecraft:leave_game":7,"minecraft:time_since_death":40815,"minecraft:climb_one_cm":5753,"minecraft:sprint_one_cm":347360,"minecraft:walk_one_cm":320137,"minecraft:drop":52,"minecraft:talked_to_villager":13,"minecraft:play_time":270012,"minecraft:deaths":2,"minecraft:sneak_time":6902,"minecraft:walk_under_water_one_cm":6401,"minecraft:jump":1627,"minecraft:interact_with_brewingstand":3,"minecraft:walk_on_water_one_cm":13713,"minecraft:enchant_item":2,"minecraft:total_world_time":270012,"minecraft:interact_with_furnace":3,"minecraft:sleep_in_bed":6,"minecraft:time_since_rest":39470,"minecraft:damage_taken":1692,"minecraft:damage_dealt":4773,"minecraft:swim_one_cm":1342,"minecraft:fly_one_cm":786856,"minecraft:open_chest":9,"minecraft:crouch_one_cm":18914,"minecraft:fall_one_cm":45708},"minecraft:crafted":{"minecraft:oak_planks":44,"minecraft:bookshelf":24,"minecraft:crafting_table":1,"minecraft:bread":51,"minecraft:diamond_pickaxe":1,"minecraft:stick":20,"minecraft:iron_ingot":9,"minecraft:iron_pickaxe":1},"minecraft:dropped":{"minecraft:iron_sword":1,"minecraft:wheat_seeds":209,"minecraft:book":4,"projectvibrantjourneys:orange_bark_mushroom":1,"spelunkers_charm:deepslate_rock":2,"minecraft:stick":16,"minecraft:mutton":9,"minecraft:string":3,"minecraft:white_wool":2,"projectvibrantjourneys:bark_mushroom":1,"minecraft:cauldron":1,"minecraft:bone":24,"minecraft:blackstone":1,"immersive_weathering:oak_bark":16,"minecraft:cobbled_deepslate":8,"minecraft:wheat":12,"minecraft:obsidian":2,"minecraft:raw_iron":2,"minecraft:rotten_flesh":1,"minecraft:poppy":1,"projectvibrantjourneys:light_brown_bark_mushroom":1,"supplementaries:ash":9,"minecraft:potato":4,"minecraft:oak_sapling":8,"minecraft:spider_eye":4,"minecraft:iron_bars":1,"minecraft:arrow":36}},"DataVersion":3465}