{"stats":{"minecraft:mined":{"minecraft:wheat":2,"treechop:chopped_log":2,"minecraft:grass":1,"biomesoplenty:bush":1,"minecraft:stone_button":1,"minecraft:grass_block":3,"minecraft:oak_log":3,"projectvibrantjourneys:short_grass":1,"minecraft:tall_grass":4,"minecraft:iron_block":1,"minecraft:oak_leaves":5},"minecraft:used":{"minecraft:wheat_seeds":7,"minecraft:sea_lantern":2,"minecraft:stone_sword":5,"minecraft:grass_block":2,"minecraft:bread":4,"minecraft:stone_pickaxe":2,"minecraft:stone_button":1,"minecraft:iron_sword":20,"minecraft:farmland":5,"minecraft:stone_axe":22,"minecraft:dirt":3,"minecraft:crafting_table":1,"minecraft:carrot":4,"minecraft:white_bed":1,"minecraft:cooked_beef":2,"minecraft:experience_bottle":3,"minecraft:oak_fence":7,"minecraft:oak_log":3},"minecraft:custom":{"minecraft:time_since_rest":56897,"minecraft:interact_with_smithing_table":1,"minecraft:interact_with_furnace":2,"minecraft:sprint_one_cm":118801,"minecraft:damage_taken":246,"minecraft:walk_one_cm":123840,"minecraft:mob_kills":7,"minecraft:animals_bred":4,"minecraft:damage_dealt":1960,"minecraft:talked_to_villager":5,"minecraft:swim_one_cm":1342,"minecraft:interact_with_crafting_table":2,"minecraft:fly_one_cm":242618,"minecraft:open_chest":4,"minecraft:crouch_one_cm":1778,"minecraft:play_time":155819,"minecraft:bell_ring":6,"minecraft:sneak_time":1130,"minecraft:walk_under_water_one_cm":1426,"minecraft:jump":511,"minecraft:leave_game":4,"minecraft:time_since_death":155819,"minecraft:walk_on_water_one_cm":525,"minecraft:sleep_in_bed":1,"minecraft:total_world_time":155819,"minecraft:climb_one_cm":1797,"minecraft:fall_one_cm":13496},"minecraft:killed":{"minecraft:sheep":2,"minecraft:skeleton":1,"minecraft:zombie":2,"minecraft:iron_golem":1,"minecraft:creeper":1},"minecraft:picked_up":{"minecraft:book":1,"projectvibrantjourneys:light_brown_bark_mushroom":1,"minecraft:stick":2,"minecraft:wheat":149,"projectvibrantjourneys:bark_mushroom":1,"minecraft:oak_log":14,"minecraft:stone_button":1,"minecraft:carrot":3,"minecraft:gunpowder":2,"minecraft:dirt":3,"minecraft:bone":1,"minecraft:arrow":2,"minecraft:experience_bottle":3,"minecraft:rotten_flesh":1,"minecraft:beetroot":1,"minecraft:beetroot_seeds":3,"minecraft:wheat_seeds":254,"minecraft:iron_ingot":6,"minecraft:iron_block":1,"minecraft:poppy":1,"minecraft:emerald":1,"minecraft:oak_sapling":8,"minecraft:mutton":3,"minecraft:iron_sword":1,"minecraft:white_wool":2}},"DataVersion":3465}