{"stats":{"minecraft:picked_up":{"projectvibrantjourneys:light_brown_bark_mushroom":1,"minecraft:stick":2,"minecraft:wheat":149,"projectvibrantjourneys:bark_mushroom":1,"minecraft:oak_log":14,"minecraft:stone_button":1,"minecraft:gunpowder":2,"minecraft:carrot":3,"minecraft:dirt":1,"minecraft:experience_bottle":3,"minecraft:rotten_flesh":1,"minecraft:beetroot":1,"minecraft:beetroot_seeds":3,"minecraft:wheat_seeds":254,"minecraft:iron_ingot":6,"minecraft:iron_block":1,"minecraft:emerald":1,"minecraft:poppy":1,"minecraft:oak_sapling":8,"minecraft:mutton":3,"minecraft:iron_sword":1,"minecraft:white_wool":2,"minecraft:book":1},"minecraft:used":{"minecraft:oak_log":3,"minecraft:oak_fence":7,"minecraft:sea_lantern":2,"minecraft:stone_sword":5,"minecraft:grass_block":2,"minecraft:bread":3,"minecraft:stone_pickaxe":2,"minecraft:stone_button":1,"minecraft:iron_sword":13,"minecraft:farmland":5,"minecraft:stone_axe":22,"minecraft:dirt":1,"minecraft:crafting_table":1,"minecraft:carrot":4,"minecraft:white_bed":1,"minecraft:cooked_beef":2,"minecraft:experience_bottle":3,"minecraft:wheat_seeds":7},"minecraft:killed":{"minecraft:sheep":2,"minecraft:zombie":1,"minecraft:iron_golem":1,"minecraft:creeper":1},"minecraft:custom":{"minecraft:time_since_rest":51324,"minecraft:interact_with_smithing_table":1,"minecraft:interact_with_furnace":2,"minecraft:sprint_one_cm":114134,"minecraft:damage_taken":231,"minecraft:walk_one_cm":118464,"minecraft:mob_kills":5,"minecraft:animals_bred":4,"minecraft:damage_dealt":1560,"minecraft:swim_one_cm":1342,"minecraft:interact_with_crafting_table":2,"minecraft:talked_to_villager":5,"minecraft:fly_one_cm":207601,"minecraft:open_chest":4,"minecraft:crouch_one_cm":1709,"minecraft:play_time":150246,"minecraft:bell_ring":6,"minecraft:sneak_time":996,"minecraft:walk_under_water_one_cm":1426,"minecraft:jump":483,"minecraft:leave_game":4,"minecraft:time_since_death":150246,"minecraft:walk_on_water_one_cm":525,"minecraft:sleep_in_bed":1,"minecraft:total_world_time":150246,"minecraft:climb_one_cm":1797,"minecraft:fall_one_cm":13287},"minecraft:mined":{"minecraft:wheat":2,"treechop:chopped_log":2,"biomesoplenty:bush":1,"minecraft:grass":1,"minecraft:stone_button":1,"minecraft:grass_block":1,"minecraft:oak_log":3,"projectvibrantjourneys:short_grass":1,"minecraft:tall_grass":4,"minecraft:iron_block":1,"minecraft:oak_leaves":5}},"DataVersion":3465}