{"stats":{"minecraft:picked_up":{"minecraft:crafting_table":4,"minecraft:wheat":176,"minecraft:potato":1,"spelunkers_charm:deepslate_rock":2,"minecraft:oak_log":14,"minecraft:brewing_stand":1,"minecraft:gunpowder":2,"minecraft:lapis_lazuli":35,"minecraft:dirt":6,"minecraft:string":3,"minecraft:bone":6,"minecraft:experience_bottle":3,"minecraft:blackstone":1,"minecraft:beetroot":1,"minecraft:bow":1,"minecraft:wheat_seeds":304,"minecraft:cobbled_deepslate":9,"minecraft:raw_gold":7,"minecraft:iron_ingot":6,"minecraft:poppy":1,"minecraft:iron_sword":1,"minecraft:oak_planks":6,"minecraft:book":12,"projectvibrantjourneys:light_brown_bark_mushroom":1,"minecraft:stick":2,"minecraft:raw_iron":6,"endrem:lost_eye":1,"projectvibrantjourneys:bark_mushroom":1,"minecraft:stone_button":1,"minecraft:redstone":56,"minecraft:carrot":3,"minecraft:spider_eye":1,"minecraft:cauldron":2,"minecraft:brown_carpet":2,"minecraft:diamond":3,"immersive_weathering:oak_bark":16,"minecraft:arrow":9,"minecraft:rotten_flesh":1,"minecraft:beetroot_seeds":3,"minecraft:iron_block":1,"minecraft:obsidian":4,"minecraft:emerald":1,"supplementaries:ash":9,"minecraft:oak_sapling":8,"minecraft:mutton":3,"minecraft:iron_bars":1,"minecraft:white_wool":2,"minecraft:cobblestone":10,"minecraft:diamond_pickaxe":1},"minecraft:mined":{"supplementaries:book_pile_horizontal":2,"minecraft:deepslate_redstone_ore":12,"minecraft:tuff":1,"minecraft:blackstone":2,"minecraft:brown_carpet":2,"projectvibrantjourneys:rocks":1,"minecraft:brewing_stand":1,"minecraft:obsidian":4,"minecraft:crafting_table":4,"minecraft:glow_lichen":1,"biomesoplenty:bush":1,"minecraft:stone_button":1,"minecraft:grass_block":4,"minecraft:cobblestone":1,"minecraft:tall_grass":4,"spelunkers_charm:deepslate_geyser":1,"minecraft:oak_planks":6,"minecraft:magma_block":4,"supplementaries:urn":2,"minecraft:iron_ore":2,"minecraft:fire":2,"minecraft:wheat":2,"minecraft:deepslate_lapis_ore":5,"treechop:chopped_log":2,"minecraft:grass":2,"minecraft:oak_log":3,"projectvibrantjourneys:short_grass":6,"minecraft:deepslate_iron_ore":10,"minecraft:water_cauldron":1,"minecraft:iron_bars":2,"minecraft:dirt":1,"minecraft:stone":11,"minecraft:iron_block":1,"minecraft:fern":1,"minecraft:oak_leaves":5,"minecraft:deepslate":9},"minecraft:killed":{"minecraft:spider":2,"minecraft:iron_golem":1,"minecraft:creeper":1,"minecraft:skeleton":5,"minecraft:sheep":2,"minecraft:zombie":9},"minecraft:used":{"minecraft:oak_fence":7,"minecraft:wheat_seeds":19,"minecraft:stone_sword":5,"minecraft:stone_pickaxe":36,"minecraft:oak_planks":8,"minecraft:iron_sword":80,"minecraft:farmland":5,"endrem:lost_eye":1,"minecraft:dirt":6,"minecraft:crafting_table":5,"minecraft:carrot":4,"minecraft:white_bed":1,"minecraft:book":5,"minecraft:oak_log":3,"minecraft:diamond_pickaxe":9,"minecraft:sea_lantern":2,"minecraft:iron_pickaxe":29,"minecraft:grass_block":2,"minecraft:bread":35,"minecraft:stone_button":1,"minecraft:cobblestone":2,"minecraft:stone_axe":85,"minecraft:brown_carpet":2,"minecraft:cooked_beef":3,"minecraft:splash_potion":1,"minecraft:experience_bottle":3},"minecraft:custom":{"minecraft:interact_with_smithing_table":1,"minecraft:interact_with_furnace":3,"minecraft:mob_kills":20,"minecraft:animals_bred":10,"minecraft:interact_with_crafting_table":9,"minecraft:bell_ring":11,"minecraft:leave_game":6,"minecraft:time_since_death":26558,"minecraft:sleep_in_bed":6,"minecraft:climb_one_cm":5753,"minecraft:time_since_rest":25213,"minecraft:sprint_one_cm":340074,"minecraft:damage_taken":1523,"minecraft:walk_one_cm":299993,"minecraft:drop":24,"minecraft:damage_dealt":4603,"minecraft:swim_one_cm":1342,"minecraft:talked_to_villager":13,"minecraft:fly_one_cm":781908,"minecraft:open_chest":9,"minecraft:crouch_one_cm":18798,"minecraft:sneak_time":6875,"minecraft:play_time":255755,"minecraft:deaths":2,"minecraft:walk_under_water_one_cm":6401,"minecraft:jump":1591,"minecraft:interact_with_brewingstand":3,"minecraft:enchant_item":2,"minecraft:walk_on_water_one_cm":13713,"minecraft:total_world_time":255755,"minecraft:fall_one_cm":44955},"minecraft:crafted":{"minecraft:oak_planks":44,"minecraft:crafting_table":1,"minecraft:bread":51,"minecraft:diamond_pickaxe":1,"minecraft:stick":20,"minecraft:iron_pickaxe":1,"minecraft:iron_ingot":9},"minecraft:dropped":{"minecraft:iron_sword":1,"minecraft:blackstone":1,"minecraft:wheat_seeds":208,"immersive_weathering:oak_bark":16,"minecraft:cobbled_deepslate":8,"minecraft:obsidian":2,"minecraft:raw_iron":2,"minecraft:rotten_flesh":1,"spelunkers_charm:deepslate_rock":2,"minecraft:stick":16,"minecraft:poppy":1,"projectvibrantjourneys:light_brown_bark_mushroom":1,"supplementaries:ash":9,"minecraft:oak_sapling":8,"minecraft:iron_bars":1,"minecraft:cauldron":1,"minecraft:white_wool":2,"projectvibrantjourneys:bark_mushroom":1}},"DataVersion":3465}