{"stats":{"minecraft:mined":{"minecraft:brown_carpet":2,"minecraft:brewing_stand":1,"minecraft:crafting_table":2,"minecraft:glow_lichen":1,"biomesoplenty:bush":1,"minecraft:stone_button":1,"minecraft:grass_block":3,"minecraft:tall_grass":4,"minecraft:oak_planks":6,"minecraft:wheat":2,"treechop:chopped_log":2,"minecraft:grass":2,"minecraft:oak_log":3,"minecraft:water_cauldron":1,"projectvibrantjourneys:short_grass":4,"minecraft:deepslate_iron_ore":4,"minecraft:iron_bars":2,"minecraft:dirt":1,"minecraft:stone":1,"minecraft:iron_block":1,"minecraft:oak_leaves":5,"minecraft:deepslate":1},"minecraft:picked_up":{"minecraft:crafting_table":2,"minecraft:wheat":176,"minecraft:potato":1,"minecraft:oak_log":14,"minecraft:brewing_stand":1,"minecraft:gunpowder":2,"minecraft:dirt":6,"minecraft:string":3,"minecraft:experience_bottle":3,"minecraft:bone":5,"minecraft:beetroot":1,"minecraft:bow":1,"minecraft:wheat_seeds":304,"minecraft:cobbled_deepslate":1,"minecraft:iron_ingot":6,"minecraft:poppy":1,"minecraft:oak_planks":6,"minecraft:iron_sword":1,"minecraft:raw_iron":2,"minecraft:book":1,"projectvibrantjourneys:light_brown_bark_mushroom":1,"minecraft:stick":2,"endrem:lost_eye":1,"projectvibrantjourneys:bark_mushroom":1,"minecraft:stone_button":1,"minecraft:carrot":3,"minecraft:spider_eye":1,"minecraft:cauldron":1,"minecraft:brown_carpet":2,"immersive_weathering:oak_bark":16,"minecraft:arrow":6,"minecraft:rotten_flesh":1,"minecraft:beetroot_seeds":3,"minecraft:iron_block":1,"minecraft:emerald":1,"supplementaries:ash":1,"minecraft:oak_sapling":8,"minecraft:mutton":3,"minecraft:iron_bars":1,"minecraft:white_wool":2,"minecraft:cobblestone":2},"minecraft:killed":{"minecraft:spider":2,"minecraft:iron_golem":1,"minecraft:creeper":1,"minecraft:sheep":2,"minecraft:skeleton":4,"minecraft:zombie":9},"minecraft:used":{"minecraft:wheat_seeds":19,"minecraft:oak_fence":7,"minecraft:stone_sword":5,"minecraft:stone_pickaxe":13,"minecraft:oak_planks":8,"minecraft:iron_sword":68,"minecraft:farmland":5,"endrem:lost_eye":1,"minecraft:dirt":6,"minecraft:crafting_table":3,"minecraft:carrot":4,"minecraft:white_bed":1,"minecraft:oak_log":3,"minecraft:sea_lantern":2,"minecraft:grass_block":2,"minecraft:bread":22,"minecraft:stone_button":1,"minecraft:stone_axe":81,"minecraft:brown_carpet":2,"minecraft:cooked_beef":2,"minecraft:splash_potion":1,"minecraft:experience_bottle":3},"minecraft:custom":{"minecraft:interact_with_smithing_table":1,"minecraft:interact_with_furnace":3,"minecraft:mob_kills":19,"minecraft:animals_bred":10,"minecraft:interact_with_crafting_table":5,"minecraft:bell_ring":11,"minecraft:leave_game":6,"minecraft:time_since_death":486,"minecraft:sleep_in_bed":4,"minecraft:climb_one_cm":5753,"minecraft:time_since_rest":519,"minecraft:sprint_one_cm":298746,"minecraft:damage_taken":717,"minecraft:walk_one_cm":243753,"minecraft:drop":11,"minecraft:damage_dealt":4191,"minecraft:swim_one_cm":1342,"minecraft:talked_to_villager":12,"minecraft:fly_one_cm":734201,"minecraft:open_chest":8,"minecraft:crouch_one_cm":6443,"minecraft:deaths":1,"minecraft:play_time":223278,"minecraft:sneak_time":2686,"minecraft:walk_under_water_one_cm":5539,"minecraft:jump":1321,"minecraft:interact_with_brewingstand":3,"minecraft:walk_on_water_one_cm":559,"minecraft:total_world_time":223278,"minecraft:fall_one_cm":34318},"minecraft:crafted":{"minecraft:oak_planks":44,"minecraft:crafting_table":1,"minecraft:bread":51,"minecraft:stick":16},"minecraft:dropped":{"minecraft:iron_sword":1,"minecraft:wheat_seeds":208,"minecraft:cobbled_deepslate":1,"minecraft:raw_iron":2,"minecraft:stick":16,"minecraft:poppy":1,"minecraft:oak_sapling":8,"minecraft:iron_bars":1}},"DataVersion":3465}