{"stats":{"minecraft:mined":{"minecraft:white_bed":1},"minecraft:picked_up":{"minecraft:oak_sign":1,"minecraft:white_bed":1},"minecraft:used":{"minecraft:oak_sign":1,"minecraft:white_bed":1},"minecraft:custom":{"minecraft:jump":47,"minecraft:open_chest":3,"minecraft:time_since_rest":1688,"minecraft:climb_one_cm":424,"minecraft:sleep_in_bed":1,"minecraft:crouch_one_cm":489,"minecraft:sprint_one_cm":7381,"minecraft:play_time":5056,"minecraft:damage_taken":30,"minecraft:time_since_death":5056,"minecraft:walk_one_cm":13536,"minecraft:sneak_time":231,"minecraft:total_world_time":5056,"minecraft:fall_one_cm":1589,"minecraft:fly_one_cm":9315}},"DataVersion":3465}