{"stats":{"minecraft:broken":{"minecraft:stone_pickaxe":1},"minecraft:mined":{"minecraft:white_bed":2,"minecraft:furnace":2,"minecraft:iron_ore":33,"minecraft:oak_fence":1,"minecraft:crafting_table":2,"minecraft:grass":4,"minecraft:coal_ore":37,"projectvibrantjourneys:short_grass":4,"minecraft:dirt":6,"minecraft:copper_ore":2,"minecraft:tall_grass":1,"minecraft:stone":150},"minecraft:picked_up":{"minecraft:raw_iron":33,"minecraft:stick":4,"minecraft:crafting_table":2,"minecraft:wheat":1,"minecraft:oak_fence":1,"minecraft:white_bed":2,"minecraft:dirt":6,"minecraft:stone_pressure_plate":1,"minecraft:raw_copper":7,"minecraft:oak_sign":2,"minecraft:wheat_seeds":4,"minecraft:mutton":6,"minecraft:coal":72,"minecraft:cobblestone":147,"minecraft:white_wool":4,"minecraft:furnace":2},"minecraft:used":{"minecraft:stone_sword":1,"minecraft:stone_pickaxe":132,"minecraft:iron_pickaxe":101,"minecraft:oak_sign":1,"minecraft:chainmail_helmet":1,"minecraft:stone_axe":1,"minecraft:cobblestone":1,"minecraft:mutton":6,"minecraft:crafting_table":1,"minecraft:furnace":1,"minecraft:chainmail_chestplate":1,"minecraft:white_bed":1,"minecraft:cooked_beef":2,"minecraft:chainmail_leggings":1},"minecraft:killed":{"minecraft:sheep":4},"minecraft:custom":{"minecraft:time_since_rest":25688,"minecraft:interact_with_furnace":4,"minecraft:sprint_one_cm":60893,"minecraft:damage_taken":197,"minecraft:walk_one_cm":82943,"minecraft:mob_kills":4,"minecraft:drop":7,"minecraft:damage_dealt":402,"minecraft:talked_to_villager":1,"minecraft:interact_with_crafting_table":5,"minecraft:fly_one_cm":84682,"minecraft:open_chest":3,"minecraft:crouch_one_cm":1354,"minecraft:play_time":29056,"minecraft:sneak_time":979,"minecraft:jump":384,"minecraft:time_since_death":29056,"minecraft:sleep_in_bed":1,"minecraft:climb_one_cm":424,"minecraft:total_world_time":29056,"minecraft:fall_one_cm":12073},"minecraft:crafted":{"minecraft:iron_ingot":13,"minecraft:iron_pickaxe":1,"minecraft:air":0},"minecraft:dropped":{"minecraft:wheat_seeds":4,"minecraft:stone_pressure_plate":1,"minecraft:oak_sign":1,"minecraft:white_wool":1}},"DataVersion":3465}