{"stats":{"minecraft:broken":{"minecraft:stone_pickaxe":1,"minecraft:iron_pickaxe":1},"minecraft:mined":{"minecraft:crying_obsidian":3,"minecraft:tuff":40,"minecraft:white_bed":5,"minecraft:blackstone":22,"minecraft:deepslate_diamond_ore":78,"minecraft:stone_brick_slab":1,"projectvibrantjourneys:rocks":1,"minecraft:oak_fence":1,"minecraft:obsidian":12,"minecraft:crafting_table":11,"minecraft:grass_block":1,"minecraft:tall_grass":1,"minecraft:copper_ore":2,"minecraft:cobblestone":3,"minecraft:spawner":2,"minecraft:chiseled_stone_bricks":1,"minecraft:magma_block":31,"minecraft:furnace":3,"minecraft:iron_ore":39,"minecraft:cobbled_deepslate":15,"treechop:chopped_log":1,"minecraft:gold_block":2,"minecraft:grass":4,"minecraft:coal_ore":68,"projectvibrantjourneys:short_grass":8,"minecraft:deepslate_iron_ore":11,"minecraft:gravel":17,"minecraft:dirt":7,"immersive_weathering:oak_leaf_pile":1,"minecraft:stone_bricks":1,"minecraft:stone":251,"minecraft:netherrack":3,"minecraft:deepslate":537},"minecraft:picked_up":{"minecraft:crafting_table":11,"minecraft:magma_block":25,"minecraft:wheat":3,"minecraft:gold_block":2,"minecraft:flint":3,"minecraft:tuff":39,"minecraft:oak_log":5,"minecraft:dirt":8,"minecraft:raw_copper":7,"minecraft:blackstone":22,"minecraft:oak_sign":2,"minecraft:wheat_seeds":4,"minecraft:cobbled_deepslate":537,"minecraft:iron_ingot":1,"minecraft:furnace":3,"minecraft:stick":33,"minecraft:raw_iron":54,"minecraft:oak_fence":1,"minecraft:stone_brick_slab":1,"minecraft:gravel":14,"minecraft:white_bed":5,"minecraft:crying_obsidian":6,"minecraft:stone_pressure_plate":1,"minecraft:arrow":2,"minecraft:rotten_flesh":2,"minecraft:diamond":92,"minecraft:chainmail_leggings":1,"minecraft:oak_sapling":1,"minecraft:obsidian":12,"minecraft:netherrack":3,"minecraft:mutton":6,"minecraft:coal":103,"minecraft:white_wool":4,"minecraft:cobblestone":247},"minecraft:killed":{"minecraft:sheep":4,"minecraft:skeleton":2},"minecraft:used":{"minecraft:stone_sword":15,"minecraft:stone_pickaxe":132,"minecraft:oak_sign":1,"minecraft:chainmail_helmet":1,"minecraft:mutton":6,"minecraft:crafting_table":10,"minecraft:chainmail_chestplate":1,"minecraft:diamond_helmet":1,"minecraft:white_bed":4,"minecraft:tuff":4,"minecraft:diamond_pickaxe":772,"minecraft:bread":2,"minecraft:iron_pickaxe":250,"minecraft:stone_axe":19,"minecraft:diamond_sword":4,"minecraft:cobblestone":33,"minecraft:furnace":2,"minecraft:cooked_beef":14,"minecraft:cobbled_deepslate":109,"minecraft:chainmail_leggings":1},"minecraft:custom":{"minecraft:interact_with_furnace":5,"minecraft:mob_kills":6,"minecraft:interact_with_crafting_table":21,"minecraft:leave_game":1,"minecraft:time_since_death":103268,"minecraft:sleep_in_bed":4,"minecraft:climb_one_cm":424,"minecraft:time_since_rest":33121,"minecraft:sprint_one_cm":83467,"minecraft:damage_taken":1088,"minecraft:walk_one_cm":236127,"minecraft:drop":37,"minecraft:damage_dealt":1026,"minecraft:talked_to_villager":1,"minecraft:fly_one_cm":116455,"minecraft:open_chest":17,"minecraft:crouch_one_cm":3905,"minecraft:play_time":103268,"minecraft:sneak_time":2670,"minecraft:walk_under_water_one_cm":4562,"minecraft:jump":1040,"minecraft:walk_on_water_one_cm":3748,"minecraft:total_world_time":103268,"minecraft:fall_one_cm":24657},"minecraft:crafted":{"minecraft:oak_planks":20,"minecraft:diamond_sword":1,"sophisticatedbackpacks:gold_backpack":1,"minecraft:hay_block":2,"minecraft:amethyst_block":1,"minecraft:bread":12,"minecraft:air":0,"minecraft:diamond_helmet":1,"minecraft:diamond_leggings":1,"minecraft:diamond_pickaxe":1,"minecraft:shield":1,"minecraft:iron_ingot":13,"minecraft:iron_pickaxe":1,"minecraft:diamond_boots":1,"minecraft:gold_ingot":9,"sophisticatedbackpacks:iron_backpack":1,"minecraft:wheat":18,"minecraft:diamond_chestplate":1},"minecraft:dropped":{"minecraft:gravel":3,"minecraft:blackstone":20,"minecraft:wheat_seeds":4,"minecraft:raw_copper":7,"minecraft:cobbled_deepslate":128,"minecraft:tuff":3,"minecraft:wheat":4,"minecraft:cobblestone":150,"minecraft:rotten_flesh":2,"minecraft:oak_sign":1,"minecraft:chainmail_helmet":1,"minecraft:chainmail_chestplate":1,"minecraft:flint":1,"minecraft:dirt":8,"minecraft:oak_sapling":1,"minecraft:chainmail_boots":1,"minecraft:stone_pressure_plate":1,"minecraft:arrow":2,"minecraft:crying_obsidian":6,"minecraft:chainmail_leggings":2,"minecraft:magma_block":1,"minecraft:netherrack":3,"minecraft:stone_brick_slab":1,"minecraft:white_wool":4}},"DataVersion":3465}