{"stats":{"minecraft:broken":{"minecraft:stone_pickaxe":1,"minecraft:iron_pickaxe":1},"minecraft:mined":{"minecraft:crying_obsidian":3,"minecraft:tuff":3,"minecraft:white_bed":4,"minecraft:deepslate_diamond_ore":23,"minecraft:stone_brick_slab":1,"minecraft:oak_fence":1,"minecraft:obsidian":12,"minecraft:crafting_table":6,"minecraft:grass_block":1,"minecraft:tall_grass":1,"minecraft:copper_ore":2,"minecraft:cobblestone":3,"minecraft:chiseled_stone_bricks":1,"minecraft:magma_block":1,"minecraft:furnace":3,"minecraft:iron_ore":33,"minecraft:cobbled_deepslate":1,"treechop:chopped_log":1,"minecraft:gold_block":2,"minecraft:grass":4,"minecraft:coal_ore":68,"projectvibrantjourneys:short_grass":7,"minecraft:deepslate_iron_ore":11,"minecraft:gravel":1,"minecraft:dirt":7,"minecraft:stone_bricks":1,"minecraft:stone":178,"minecraft:netherrack":3,"minecraft:deepslate":183},"minecraft:picked_up":{"minecraft:crafting_table":6,"minecraft:magma_block":1,"minecraft:wheat":3,"minecraft:gold_block":2,"minecraft:tuff":3,"minecraft:oak_log":5,"minecraft:dirt":8,"minecraft:raw_copper":7,"minecraft:oak_sign":2,"minecraft:wheat_seeds":4,"minecraft:cobbled_deepslate":184,"minecraft:furnace":3,"minecraft:stick":33,"minecraft:raw_iron":48,"minecraft:oak_fence":1,"minecraft:stone_brick_slab":1,"minecraft:gravel":1,"minecraft:white_bed":4,"minecraft:crying_obsidian":6,"minecraft:stone_pressure_plate":1,"minecraft:diamond":37,"minecraft:obsidian":12,"minecraft:netherrack":3,"minecraft:mutton":6,"minecraft:coal":103,"minecraft:white_wool":4,"minecraft:cobblestone":174},"minecraft:killed":{"minecraft:sheep":4,"minecraft:skeleton":1},"minecraft:used":{"minecraft:stone_sword":15,"minecraft:stone_pickaxe":132,"minecraft:oak_sign":1,"minecraft:chainmail_helmet":1,"minecraft:mutton":6,"minecraft:crafting_table":6,"minecraft:chainmail_chestplate":1,"minecraft:white_bed":3,"minecraft:diamond_pickaxe":162,"minecraft:iron_pickaxe":250,"minecraft:stone_axe":13,"minecraft:cobblestone":33,"minecraft:furnace":2,"minecraft:cooked_beef":9,"minecraft:cobbled_deepslate":81,"minecraft:chainmail_leggings":1},"minecraft:custom":{"minecraft:interact_with_furnace":5,"minecraft:mob_kills":5,"minecraft:interact_with_crafting_table":13,"minecraft:time_since_death":65056,"minecraft:sleep_in_bed":3,"minecraft:climb_one_cm":424,"minecraft:time_since_rest":12641,"minecraft:sprint_one_cm":76946,"minecraft:damage_taken":683,"minecraft:walk_one_cm":165013,"minecraft:drop":17,"minecraft:damage_dealt":826,"minecraft:talked_to_villager":1,"minecraft:fly_one_cm":108079,"minecraft:open_chest":5,"minecraft:crouch_one_cm":1698,"minecraft:play_time":65056,"minecraft:sneak_time":1522,"minecraft:jump":816,"minecraft:total_world_time":65056,"minecraft:fall_one_cm":20348},"minecraft:crafted":{"minecraft:oak_planks":20,"minecraft:diamond_sword":1,"minecraft:hay_block":2,"minecraft:bread":12,"minecraft:air":0,"minecraft:diamond_leggings":1,"minecraft:diamond_pickaxe":1,"minecraft:iron_ingot":13,"minecraft:iron_pickaxe":1,"minecraft:wheat":18,"minecraft:diamond_chestplate":1},"minecraft:dropped":{"minecraft:gravel":1,"minecraft:wheat_seeds":4,"minecraft:cobbled_deepslate":103,"minecraft:tuff":3,"minecraft:wheat":2,"minecraft:cobblestone":88,"minecraft:oak_sign":1,"minecraft:dirt":6,"minecraft:stone_pressure_plate":1,"minecraft:crying_obsidian":3,"minecraft:magma_block":1,"minecraft:white_wool":1}},"DataVersion":3465}