{"stats":{"minecraft:broken":{"minecraft:stone_pickaxe":1},"minecraft:mined":{"minecraft:white_bed":3,"minecraft:furnace":2,"minecraft:deepslate_diamond_ore":13,"minecraft:iron_ore":33,"minecraft:cobbled_deepslate":1,"minecraft:oak_fence":1,"minecraft:crafting_table":3,"minecraft:grass":4,"minecraft:coal_ore":37,"projectvibrantjourneys:short_grass":4,"minecraft:deepslate_iron_ore":11,"minecraft:dirt":6,"minecraft:copper_ore":2,"minecraft:tall_grass":1,"minecraft:cobblestone":3,"minecraft:stone":150,"minecraft:deepslate":102},"minecraft:picked_up":{"minecraft:raw_iron":48,"minecraft:stick":4,"minecraft:crafting_table":3,"minecraft:wheat":1,"minecraft:oak_fence":1,"minecraft:white_bed":3,"minecraft:dirt":6,"minecraft:stone_pressure_plate":1,"minecraft:raw_copper":7,"minecraft:oak_sign":2,"minecraft:diamond":22,"minecraft:wheat_seeds":4,"minecraft:cobbled_deepslate":103,"minecraft:mutton":6,"minecraft:coal":72,"minecraft:cobblestone":149,"minecraft:white_wool":4,"minecraft:furnace":2},"minecraft:used":{"minecraft:stone_sword":13,"minecraft:stone_pickaxe":132,"minecraft:iron_pickaxe":231,"minecraft:oak_sign":1,"minecraft:chainmail_helmet":1,"minecraft:stone_axe":2,"minecraft:cobblestone":18,"minecraft:mutton":6,"minecraft:crafting_table":2,"minecraft:furnace":1,"minecraft:chainmail_chestplate":1,"minecraft:white_bed":2,"minecraft:cooked_beef":5,"minecraft:chainmail_leggings":1},"minecraft:killed":{"minecraft:skeleton":1,"minecraft:sheep":4},"minecraft:custom":{"minecraft:time_since_rest":10425,"minecraft:interact_with_furnace":4,"minecraft:sprint_one_cm":65505,"minecraft:damage_taken":428,"minecraft:walk_one_cm":115721,"minecraft:mob_kills":5,"minecraft:drop":7,"minecraft:damage_dealt":817,"minecraft:talked_to_villager":1,"minecraft:interact_with_crafting_table":7,"minecraft:fly_one_cm":91207,"minecraft:open_chest":5,"minecraft:crouch_one_cm":1476,"minecraft:play_time":41056,"minecraft:sneak_time":1199,"minecraft:jump":486,"minecraft:time_since_death":41056,"minecraft:sleep_in_bed":2,"minecraft:climb_one_cm":424,"minecraft:total_world_time":41056,"minecraft:fall_one_cm":14333},"minecraft:crafted":{"minecraft:diamond_pickaxe":1,"minecraft:iron_ingot":13,"minecraft:iron_pickaxe":1,"minecraft:air":0},"minecraft:dropped":{"minecraft:wheat_seeds":4,"minecraft:stone_pressure_plate":1,"minecraft:oak_sign":1,"minecraft:white_wool":1}},"DataVersion":3465}