{"stats":{"minecraft:broken":{"minecraft:stone_pickaxe":1,"minecraft:iron_pickaxe":1},"minecraft:mined":{"minecraft:tuff":3,"minecraft:magma_block":1,"minecraft:white_bed":3,"minecraft:furnace":2,"minecraft:deepslate_diamond_ore":23,"minecraft:iron_ore":33,"minecraft:cobbled_deepslate":1,"minecraft:oak_fence":1,"minecraft:crafting_table":4,"minecraft:grass":4,"minecraft:coal_ore":68,"projectvibrantjourneys:short_grass":4,"minecraft:deepslate_iron_ore":11,"minecraft:gravel":1,"minecraft:dirt":6,"minecraft:copper_ore":2,"minecraft:tall_grass":1,"minecraft:cobblestone":3,"minecraft:stone":155,"minecraft:deepslate":183},"minecraft:picked_up":{"minecraft:magma_block":1,"minecraft:raw_iron":48,"minecraft:stick":20,"minecraft:crafting_table":4,"minecraft:wheat":1,"minecraft:oak_fence":1,"minecraft:gravel":1,"minecraft:tuff":3,"minecraft:white_bed":3,"minecraft:dirt":6,"minecraft:stone_pressure_plate":1,"minecraft:raw_copper":7,"minecraft:oak_sign":2,"minecraft:diamond":37,"minecraft:wheat_seeds":4,"minecraft:cobbled_deepslate":184,"minecraft:mutton":6,"minecraft:coal":103,"minecraft:cobblestone":154,"minecraft:white_wool":4,"minecraft:furnace":2},"minecraft:used":{"minecraft:diamond_pickaxe":113,"minecraft:stone_sword":14,"minecraft:stone_pickaxe":132,"minecraft:iron_pickaxe":250,"minecraft:oak_sign":1,"minecraft:chainmail_helmet":1,"minecraft:stone_axe":3,"minecraft:cobblestone":33,"minecraft:mutton":6,"minecraft:crafting_table":3,"minecraft:furnace":1,"minecraft:chainmail_chestplate":1,"minecraft:white_bed":3,"minecraft:cooked_beef":8,"minecraft:cobbled_deepslate":17,"minecraft:chainmail_leggings":1},"minecraft:killed":{"minecraft:skeleton":1,"minecraft:sheep":4},"minecraft:custom":{"minecraft:time_since_rest":641,"minecraft:interact_with_furnace":4,"minecraft:sprint_one_cm":68649,"minecraft:damage_taken":665,"minecraft:walk_one_cm":149947,"minecraft:mob_kills":5,"minecraft:drop":7,"minecraft:damage_dealt":826,"minecraft:talked_to_villager":1,"minecraft:interact_with_crafting_table":10,"minecraft:fly_one_cm":96217,"minecraft:open_chest":5,"minecraft:crouch_one_cm":1573,"minecraft:play_time":53056,"minecraft:sneak_time":1253,"minecraft:jump":646,"minecraft:time_since_death":53056,"minecraft:sleep_in_bed":3,"minecraft:climb_one_cm":424,"minecraft:total_world_time":53056,"minecraft:fall_one_cm":19187},"minecraft:crafted":{"minecraft:diamond_leggings":1,"minecraft:diamond_pickaxe":1,"minecraft:iron_ingot":13,"minecraft:iron_pickaxe":1,"minecraft:diamond_chestplate":1,"minecraft:air":0},"minecraft:dropped":{"minecraft:wheat_seeds":4,"minecraft:stone_pressure_plate":1,"minecraft:oak_sign":1,"minecraft:white_wool":1}},"DataVersion":3465}