{"stats":{"minecraft:killed":{"quark:toretoise":3,"minecraft:skeleton":2,"minecraft:sheep":4,"minecraft:zombie":3},"minecraft:custom":{"minecraft:mob_kills":12,"minecraft:interact_with_crafting_table":23,"minecraft:leave_game":1,"minecraft:time_since_death":126225,"minecraft:climb_one_cm":424,"minecraft:sprint_one_cm":87041,"minecraft:walk_one_cm":284369,"minecraft:drop":68,"minecraft:talked_to_villager":1,"minecraft:play_time":126225,"minecraft:sneak_time":3287,"minecraft:walk_under_water_one_cm":4562,"minecraft:jump":1255,"minecraft:walk_on_water_one_cm":3748,"minecraft:total_world_time":126225,"minecraft:interact_with_furnace":5,"minecraft:sleep_in_bed":4,"minecraft:time_since_rest":56078,"minecraft:damage_taken":1426,"minecraft:damage_dealt":3450,"minecraft:fly_one_cm":118490,"minecraft:open_chest":21,"minecraft:crouch_one_cm":4230,"minecraft:fall_one_cm":25977},"minecraft:used":{"minecraft:stone_sword":15,"minecraft:oak_sign":1,"minecraft:torch":6,"minecraft:mutton":6,"minecraft:chainmail_chestplate":1,"minecraft:diamond_helmet":1,"minecraft:tuff":4,"minecraft:furnace":2,"minecraft:cooked_beef":20,"minecraft:cobbled_deepslate":140,"minecraft:stone_pickaxe":132,"minecraft:oak_planks":1,"minecraft:chainmail_helmet":1,"minecraft:crafting_table":11,"minecraft:white_bed":4,"minecraft:diamond_pickaxe":1159,"minecraft:bread":2,"minecraft:iron_pickaxe":262,"minecraft:gravel":4,"minecraft:stone_axe":20,"minecraft:diamond_sword":48,"minecraft:cobblestone":33,"minecraft:chainmail_leggings":1},"minecraft:broken":{"minecraft:stone_pickaxe":1,"minecraft:iron_pickaxe":1},"minecraft:picked_up":{"minecraft:crafting_table":12,"minecraft:wheat":3,"spelunkers_charm:deepslate_rock":9,"minecraft:gold_block":2,"minecraft:raw_copper":7,"minecraft:blackstone":95,"minecraft:oak_sign":2,"minecraft:cobbled_deepslate":711,"minecraft:detector_rail":2,"minecraft:iron_pickaxe":1,"minecraft:furnace":3,"minecraft:raw_iron":54,"minecraft:stick":33,"minecraft:oak_fence":1,"minecraft:torch":12,"sophisticatedbackpacks:backpack":1,"minecraft:redstone":26,"minecraft:stone_pressure_plate":1,"minecraft:arrow":2,"minecraft:rotten_flesh":3,"farmersdelight:rope":42,"minecraft:gold_ingot":2,"minecraft:cobblestone":247,"minecraft:obsidian":12,"minecraft:glow_berries":10,"minecraft:mutton":6,"minecraft:white_wool":4,"minecraft:magma_block":186,"spelunkers_charm:old_miners_bundle":1,"minecraft:flint":4,"minecraft:tuff":51,"minecraft:oak_log":5,"minecraft:lapis_lazuli":8,"minecraft:dirt":8,"minecraft:bone":15,"minecraft:wheat_seeds":4,"minecraft:iron_ingot":1,"endrem:lost_eye":1,"minecraft:stone_brick_slab":1,"minecraft:gravel":20,"minecraft:white_bed":5,"minecraft:crying_obsidian":6,"minecraft:pumpkin_seeds":3,"minecraft:diamond":108,"minecraft:chainmail_leggings":1,"minecraft:emerald":6,"minecraft:oak_sapling":1,"minecraft:netherrack":3,"minecraft:coal":103,"minecraft:diamond_pickaxe":1},"minecraft:dropped":{"minecraft:iron_ingot":1,"minecraft:wheat_seeds":4,"minecraft:cobblestone":150,"minecraft:glow_berries":10,"minecraft:chainmail_helmet":1,"minecraft:coal":2,"minecraft:flint":1,"minecraft:dirt":8,"minecraft:torch":6,"minecraft:chainmail_leggings":2,"minecraft:white_wool":4,"minecraft:redstone":13,"minecraft:stone_brick_slab":1,"minecraft:bone":10,"minecraft:gravel":5,"minecraft:blackstone":63,"minecraft:detector_rail":2,"minecraft:stone_sword":1,"minecraft:cobbled_deepslate":313,"minecraft:raw_copper":7,"minecraft:tuff":15,"minecraft:wheat":4,"minecraft:rotten_flesh":3,"minecraft:oak_sign":1,"minecraft:pumpkin_seeds":3,"minecraft:chainmail_chestplate":1,"minecraft:diamond_pickaxe":1,"minecraft:oak_sapling":1,"minecraft:chainmail_boots":1,"farmersdelight:rope":42,"minecraft:stone_pressure_plate":1,"minecraft:arrow":2,"minecraft:crying_obsidian":6,"minecraft:magma_block":94,"minecraft:netherrack":3},"minecraft:mined":{"minecraft:crying_obsidian":3,"minecraft:tuff":46,"minecraft:white_bed":5,"minecraft:deepslate_diamond_ore":95,"projectvibrantjourneys:rocks":1,"minecraft:obsidian":12,"minecraft:grass_block":1,"minecraft:chiseled_stone_bricks":1,"minecraft:spawner":2,"minecraft:magma_block":177,"minecraft:furnace":3,"minecraft:iron_ore":39,"minecraft:cobbled_deepslate":17,"treechop:chopped_log":1,"minecraft:deepslate_lapis_ore":4,"minecraft:gold_block":2,"minecraft:deepslate_iron_ore":11,"minecraft:stone":251,"immersive_weathering:oak_leaf_pile":1,"minecraft:deepslate_redstone_ore":3,"minecraft:blackstone":95,"minecraft:stone_brick_slab":1,"minecraft:oak_fence":1,"minecraft:crafting_table":12,"minecraft:tall_grass":1,"minecraft:copper_ore":2,"minecraft:cobblestone":3,"spelunkers_charm:deepslate_geyser":1,"spelunkers_charm:deepslate_rock_pile_3":1,"minecraft:grass":4,"minecraft:coal_ore":68,"projectvibrantjourneys:short_grass":8,"minecraft:gravel":25,"minecraft:dirt":7,"minecraft:stone_bricks":1,"minecraft:netherrack":3,"minecraft:deepslate":676},"minecraft:crafted":{"minecraft:oak_planks":20,"minecraft:diamond_helmet":1,"minecraft:diamond_leggings":1,"minecraft:diamond_boots":1,"minecraft:wheat":18,"sophisticatedbackpacks:iron_backpack":1,"minecraft:diamond_sword":1,"sophisticatedbackpacks:gold_backpack":1,"minecraft:hay_block":2,"minecraft:amethyst_block":1,"minecraft:air":0,"minecraft:bread":12,"minecraft:diamond_pickaxe":1,"minecraft:shield":1,"sophisticatedbackpacks:diamond_backpack":1,"minecraft:iron_pickaxe":1,"minecraft:iron_ingot":13,"minecraft:gold_ingot":9,"minecraft:diamond_chestplate":1}},"DataVersion":3465}