{"stats":{"minecraft:mined":{"minecraft:white_bed":2,"minecraft:furnace":1,"minecraft:oak_fence":1,"minecraft:crafting_table":1,"minecraft:grass":4,"projectvibrantjourneys:short_grass":4,"minecraft:tall_grass":1},"minecraft:picked_up":{"minecraft:crafting_table":1,"minecraft:wheat":1,"minecraft:oak_fence":1,"minecraft:white_bed":2,"minecraft:stone_pressure_plate":1,"minecraft:oak_sign":2,"minecraft:wheat_seeds":4,"minecraft:mutton":6,"minecraft:white_wool":4,"minecraft:furnace":1},"minecraft:used":{"minecraft:stone_sword":1,"minecraft:stone_pickaxe":3,"minecraft:oak_sign":1,"minecraft:chainmail_helmet":1,"minecraft:mutton":6,"minecraft:chainmail_chestplate":1,"minecraft:white_bed":1,"minecraft:cooked_beef":2,"minecraft:chainmail_leggings":1},"minecraft:killed":{"minecraft:sheep":4},"minecraft:custom":{"minecraft:time_since_rest":13688,"minecraft:sprint_one_cm":58280,"minecraft:damage_taken":101,"minecraft:walk_one_cm":63019,"minecraft:mob_kills":4,"minecraft:drop":7,"minecraft:damage_dealt":372,"minecraft:talked_to_villager":1,"minecraft:interact_with_crafting_table":3,"minecraft:fly_one_cm":82534,"minecraft:open_chest":3,"minecraft:crouch_one_cm":976,"minecraft:play_time":17056,"minecraft:sneak_time":484,"minecraft:jump":344,"minecraft:time_since_death":17056,"minecraft:sleep_in_bed":1,"minecraft:climb_one_cm":424,"minecraft:total_world_time":17056,"minecraft:fall_one_cm":10090},"minecraft:dropped":{"minecraft:wheat_seeds":4,"minecraft:stone_pressure_plate":1,"minecraft:oak_sign":1,"minecraft:white_wool":1}},"DataVersion":3465}