{"stats":{"minecraft:mined":{"minecraft:white_bed":2,"minecraft:furnace":2,"biomesoplenty:toadstool":1,"minecraft:iron_ore":8,"minecraft:grass":1,"biomesoplenty:bush":2,"minecraft:bookshelf":15,"minecraft:stone_brick_wall":1,"minecraft:oak_log":23,"projectvibrantjourneys:short_grass":3,"minecraft:dirt_path":1,"minecraft:rose_bush":1,"minecraft:dirt":5,"minecraft:lectern":1,"minecraft:coal_block":9,"minecraft:stone":43,"projectvibrantjourneys:fallen_leaves":1},"minecraft:picked_up":{"minecraft:book":36,"biomesoplenty:toadstool":1,"minecraft:raw_iron":8,"projectvibrantjourneys:fallen_leaves":1,"minecraft:stone_brick_wall":1,"minecraft:oak_log":23,"minecraft:white_bed":2,"minecraft:dirt":4,"minecraft:string":2,"minecraft:stone_pressure_plate":2,"minecraft:lantern":2,"minecraft:wheat_seeds":1,"minecraft:gray_wool":1,"minecraft:lectern":1,"minecraft:coal_block":9,"minecraft:mutton":1,"minecraft:coal":15,"minecraft:cobblestone":42,"minecraft:furnace":2},"minecraft:used":{"minecraft:stone_sword":3,"minecraft:stone_pickaxe":70,"biomesoplenty:toadstool":1,"minecraft:stone_axe":57,"minecraft:dirt":1,"minecraft:crafting_table":1,"minecraft:furnace":2,"minecraft:white_bed":1,"minecraft:cooked_beef":5,"minecraft:dandelion":1},"minecraft:killed":{"minecraft:sheep":1,"minecraft:spider":1},"minecraft:custom":{"minecraft:time_since_rest":641,"minecraft:interact_with_smithing_table":1,"minecraft:interact_with_furnace":2,"minecraft:sprint_one_cm":28579,"minecraft:damage_taken":301,"minecraft:walk_one_cm":34793,"minecraft:mob_kills":2,"minecraft:drop":1,"minecraft:damage_dealt":556,"minecraft:talked_to_villager":4,"minecraft:fly_one_cm":33601,"minecraft:open_chest":2,"minecraft:crouch_one_cm":539,"minecraft:play_time":14135,"minecraft:bell_ring":4,"minecraft:sneak_time":392,"minecraft:jump":150,"minecraft:time_since_death":14135,"minecraft:sleep_in_bed":1,"minecraft:climb_one_cm":608,"minecraft:total_world_time":14135,"minecraft:fall_one_cm":4712},"minecraft:crafted":{"minecraft:oak_planks":92,"minecraft:coal":81,"minecraft:crafting_table":1},"minecraft:dropped":{"minecraft:stone_pressure_plate":1}},"DataVersion":3465}