{"stats":{"minecraft:mined":{"minecraft:tuff":23,"minecraft:white_bed":3,"minecraft:blackstone":13,"minecraft:deepslate_diamond_ore":53,"projectvibrantjourneys:rocks":2,"minecraft:crafting_table":2,"minecraft:obsidian":2,"biomesoplenty:bush":2,"minecraft:grass_block":1,"minecraft:stone_brick_wall":1,"minecraft:rose_bush":1,"minecraft:lectern":1,"minecraft:coal_block":9,"minecraft:cobblestone":3,"spelunkers_charm:deepslate_geyser":1,"minecraft:deepslate_gold_ore":4,"minecraft:lapis_ore":6,"projectvibrantjourneys:fallen_leaves":1,"supplementaries:urn":4,"minecraft:magma_block":78,"minecraft:furnace":2,"biomesoplenty:toadstool":1,"minecraft:iron_ore":32,"minecraft:enchanting_table":1,"spelunkers_charm:deepslate_rock_pile_2":1,"minecraft:deepslate_lapis_ore":10,"minecraft:grass":1,"minecraft:bookshelf":26,"minecraft:oak_log":23,"projectvibrantjourneys:short_grass":5,"minecraft:deepslate_iron_ore":12,"minecraft:dirt_path":1,"minecraft:gravel":1,"minecraft:dirt":8,"minecraft:stone":227,"minecraft:gold_ore":2,"minecraft:oak_leaves":1,"minecraft:deepslate":283},"minecraft:picked_up":{"minecraft:enchanting_table":1,"minecraft:crafting_table":1,"minecraft:magma_block":64,"projectvibrantjourneys:fallen_leaves":1,"minecraft:stone_brick_wall":1,"minecraft:flint":1,"minecraft:tuff":24,"minecraft:oak_log":23,"minecraft:chainmail_chestplate":1,"minecraft:lapis_lazuli":108,"minecraft:string":3,"minecraft:dirt":9,"minecraft:lantern":3,"minecraft:bone":2,"minecraft:blackstone":13,"minecraft:bow":1,"minecraft:wheat_seeds":1,"minecraft:cobbled_deepslate":285,"minecraft:raw_gold":6,"minecraft:lectern":1,"minecraft:coal_block":9,"minecraft:oak_planks":52,"minecraft:furnace":2,"minecraft:book":60,"biomesoplenty:toadstool":1,"minecraft:raw_iron":45,"minecraft:white_bed":3,"minecraft:spider_eye":1,"minecraft:stone_pressure_plate":4,"minecraft:rotten_flesh":4,"minecraft:diamond":63,"supplementaries:antique_ink":1,"minecraft:gray_wool":3,"minecraft:chainmail_helmet":1,"minecraft:emerald":4,"minecraft:obsidian":4,"minecraft:mutton":1,"minecraft:coal":15,"minecraft:cobblestone":228,"minecraft:diamond_pickaxe":2},"minecraft:killed":{"minecraft:spider":3,"minecraft:sheep":1,"minecraft:skeleton":2,"minecraft:zombie":3},"minecraft:used":{"minecraft:enchanting_table":1,"minecraft:stone_sword":24,"minecraft:stone_pickaxe":78,"minecraft:dirt":3,"minecraft:mutton":1,"minecraft:crafting_table":6,"minecraft:white_bed":2,"minecraft:tuff":3,"minecraft:diamond_pickaxe":529,"minecraft:bookshelf":11,"minecraft:lantern":3,"minecraft:iron_pickaxe":172,"biomesoplenty:toadstool":1,"minecraft:stone_axe":73,"minecraft:diamond_sword":11,"minecraft:magma_block":1,"minecraft:cobblestone":68,"minecraft:furnace":2,"minecraft:cobbled_deepslate":6,"minecraft:cooked_beef":20,"minecraft:dandelion":1},"minecraft:custom":{"minecraft:interact_with_smithing_table":1,"minecraft:interact_with_furnace":4,"minecraft:mob_kills":9,"minecraft:interact_with_crafting_table":12,"minecraft:open_barrel":1,"minecraft:bell_ring":4,"minecraft:time_since_death":56135,"minecraft:sleep_in_bed":1,"minecraft:climb_one_cm":608,"minecraft:time_since_rest":42641,"minecraft:sprint_one_cm":56731,"minecraft:damage_taken":1456,"minecraft:walk_one_cm":122730,"minecraft:drop":47,"minecraft:damage_dealt":2074,"minecraft:talked_to_villager":4,"minecraft:fly_one_cm":66556,"minecraft:open_chest":3,"minecraft:crouch_one_cm":9525,"minecraft:play_time":56135,"minecraft:sneak_time":3619,"minecraft:walk_under_water_one_cm":236,"minecraft:jump":486,"minecraft:walk_on_water_one_cm":6259,"minecraft:total_world_time":56135,"minecraft:fall_one_cm":12820},"minecraft:crafted":{"minecraft:oak_planks":92,"minecraft:coal":81,"minecraft:diamond_sword":1,"minecraft:crafting_table":5,"minecraft:enchanting_table":1,"minecraft:bookshelf":11,"minecraft:air":0,"minecraft:diamond_leggings":1,"minecraft:diamond_helmet":1,"minecraft:diamond_pickaxe":2,"minecraft:stick":12,"minecraft:iron_ingot":3,"minecraft:iron_pickaxe":1,"minecraft:diamond_boots":1,"minecraft:diamond_chestplate":1},"minecraft:dropped":{"minecraft:wheat_seeds":1,"minecraft:cobbled_deepslate":163,"minecraft:diamond":15,"minecraft:cobblestone":141,"minecraft:rotten_flesh":4,"minecraft:oak_planks":52,"minecraft:chainmail_helmet":1,"minecraft:chainmail_chestplate":2,"minecraft:stick":1,"minecraft:dirt":6,"minecraft:gray_wool":3,"minecraft:diamond_pickaxe":3,"minecraft:stone_brick_wall":1,"minecraft:chainmail_boots":1,"farmersdelight:onion":3,"minecraft:stone_pressure_plate":4,"minecraft:bow":1,"minecraft:chainmail_leggings":1,"minecraft:bone":2}},"DataVersion":3465}