{"stats":{"minecraft:picked_up":{"projectvibrantjourneys:fallen_leaves":1,"minecraft:stone_brick_wall":1,"minecraft:tuff":3,"minecraft:oak_log":23,"minecraft:lapis_lazuli":67,"minecraft:string":3,"minecraft:dirt":6,"minecraft:lantern":3,"minecraft:bone":2,"minecraft:bow":1,"minecraft:wheat_seeds":1,"minecraft:cobbled_deepslate":158,"minecraft:lectern":1,"minecraft:coal_block":9,"minecraft:furnace":2,"minecraft:book":36,"biomesoplenty:toadstool":1,"minecraft:raw_iron":34,"minecraft:white_bed":2,"minecraft:stone_pressure_plate":2,"minecraft:diamond":22,"minecraft:gray_wool":1,"minecraft:emerald":4,"minecraft:mutton":1,"minecraft:coal":15,"minecraft:cobblestone":150},"minecraft:mined":{"minecraft:tuff":3,"minecraft:white_bed":2,"minecraft:deepslate_diamond_ore":25,"biomesoplenty:bush":2,"minecraft:stone_brick_wall":1,"minecraft:rose_bush":1,"minecraft:lectern":1,"minecraft:coal_block":9,"spelunkers_charm:deepslate_geyser":1,"minecraft:lapis_ore":6,"projectvibrantjourneys:fallen_leaves":1,"supplementaries:urn":1,"minecraft:furnace":2,"biomesoplenty:toadstool":1,"minecraft:iron_ore":24,"minecraft:deepslate_lapis_ore":4,"minecraft:grass":1,"minecraft:bookshelf":15,"minecraft:oak_log":23,"projectvibrantjourneys:short_grass":3,"minecraft:deepslate_iron_ore":10,"minecraft:dirt_path":1,"minecraft:dirt":7,"minecraft:stone":151,"minecraft:deepslate":156},"minecraft:killed":{"minecraft:spider":2,"minecraft:sheep":1,"minecraft:skeleton":1,"minecraft:zombie":2},"minecraft:used":{"minecraft:stone_sword":19,"minecraft:stone_pickaxe":78,"minecraft:dirt":1,"minecraft:mutton":1,"minecraft:crafting_table":2,"minecraft:white_bed":1,"minecraft:tuff":3,"minecraft:diamond_pickaxe":152,"minecraft:lantern":3,"minecraft:iron_pickaxe":172,"biomesoplenty:toadstool":1,"minecraft:stone_axe":57,"minecraft:cobblestone":7,"minecraft:furnace":2,"minecraft:cooked_beef":8,"minecraft:dandelion":1},"minecraft:custom":{"minecraft:interact_with_smithing_table":1,"minecraft:interact_with_furnace":4,"minecraft:mob_kills":6,"minecraft:interact_with_crafting_table":2,"minecraft:bell_ring":4,"minecraft:time_since_death":26135,"minecraft:sleep_in_bed":1,"minecraft:climb_one_cm":608,"minecraft:time_since_rest":12641,"minecraft:sprint_one_cm":33518,"minecraft:damage_taken":644,"minecraft:walk_one_cm":71902,"minecraft:drop":2,"minecraft:damage_dealt":1277,"minecraft:talked_to_villager":4,"minecraft:fly_one_cm":35332,"minecraft:open_chest":2,"minecraft:crouch_one_cm":1137,"minecraft:play_time":26135,"minecraft:sneak_time":1116,"minecraft:jump":228,"minecraft:total_world_time":26135,"minecraft:fall_one_cm":6286},"minecraft:crafted":{"minecraft:oak_planks":92,"minecraft:coal":81,"minecraft:crafting_table":2,"minecraft:air":0,"minecraft:diamond_pickaxe":1,"minecraft:stick":8,"minecraft:iron_ingot":3,"minecraft:iron_pickaxe":1},"minecraft:dropped":{"minecraft:cobbled_deepslate":8,"minecraft:stone_pressure_plate":1}},"DataVersion":3465}