{"stats":{"minecraft:broken":{"minecraft:stone_axe":1},"minecraft:mined":{"minecraft:tuff":23,"minecraft:white_bed":3,"minecraft:deepslate_diamond_ore":53,"projectvibrantjourneys:rocks":2,"minecraft:obsidian":2,"biomesoplenty:bush":5,"minecraft:grass_block":1,"minecraft:stone_brick_wall":1,"minecraft:coal_block":10,"minecraft:magma_block":78,"minecraft:furnace":2,"biomesoplenty:toadstool":1,"minecraft:iron_ore":32,"projectvibrantjourneys:bark_mushroom":1,"treechop:chopped_log":3,"spelunkers_charm:deepslate_rock_pile_2":1,"minecraft:deepslate_lapis_ore":10,"minecraft:enchanting_table":1,"minecraft:bookshelf":80,"minecraft:dirt_path":1,"minecraft:deepslate_iron_ore":12,"minecraft:potted_cornflower":1,"minecraft:stone":227,"minecraft:blackstone":13,"minecraft:crafting_table":2,"minecraft:torch":2,"minecraft:rose_bush":1,"minecraft:lectern":1,"minecraft:tall_grass":1,"minecraft:cobblestone":3,"spelunkers_charm:deepslate_geyser":1,"minecraft:lapis_ore":6,"minecraft:deepslate_gold_ore":4,"projectvibrantjourneys:fallen_leaves":1,"supplementaries:urn":4,"minecraft:grass":2,"minecraft:oak_log":87,"projectvibrantjourneys:short_grass":6,"minecraft:gravel":1,"minecraft:dirt":8,"minecraft:gold_ore":2,"minecraft:oak_leaves":1,"minecraft:deepslate":283},"minecraft:picked_up":{"minecraft:crafting_table":1,"minecraft:stone_brick_wall":1,"minecraft:cornflower":1,"minecraft:string":3,"minecraft:blackstone":13,"minecraft:cobbled_deepslate":285,"minecraft:lectern":1,"minecraft:coal_block":10,"minecraft:furnace":2,"minecraft:dark_oak_sapling":1,"minecraft:stick":7,"minecraft:raw_iron":45,"projectvibrantjourneys:bark_mushroom":5,"minecraft:torch":2,"minecraft:stone_button":7,"minecraft:stone_pressure_plate":4,"minecraft:rotten_flesh":4,"supplementaries:antique_ink":1,"minecraft:mutton":1,"minecraft:obsidian":4,"minecraft:cobblestone":228,"minecraft:enchanting_table":1,"minecraft:magma_block":64,"projectvibrantjourneys:fallen_leaves":1,"minecraft:flint":1,"minecraft:tuff":24,"minecraft:oak_log":112,"minecraft:chainmail_chestplate":1,"minecraft:lapis_lazuli":108,"minecraft:dirt":9,"minecraft:lantern":5,"minecraft:bone":2,"minecraft:bow":1,"minecraft:wheat_seeds":2,"minecraft:raw_gold":6,"minecraft:oak_planks":52,"biomesoplenty:toadstool":1,"minecraft:book":198,"projectvibrantjourneys:light_brown_bark_mushroom":1,"minecraft:white_bed":3,"minecraft:spruce_log":15,"minecraft:dark_oak_log":8,"minecraft:spider_eye":1,"minecraft:diamond":63,"minecraft:gray_wool":3,"minecraft:emerald":4,"minecraft:chainmail_helmet":1,"projectvibrantjourneys:orange_bark_mushroom":4,"minecraft:oak_sapling":1,"minecraft:coal":15,"minecraft:diamond_pickaxe":2},"minecraft:killed":{"minecraft:spider":3,"minecraft:skeleton":2,"minecraft:sheep":1,"minecraft:zombie":3},"minecraft:used":{"minecraft:stone_sword":24,"minecraft:enchanting_table":2,"minecraft:dirt":3,"minecraft:mutton":1,"minecraft:tuff":3,"minecraft:bookshelf":35,"minecraft:lantern":3,"minecraft:magma_block":1,"minecraft:furnace":2,"minecraft:cooked_beef":22,"minecraft:potato":5,"minecraft:cobbled_deepslate":6,"minecraft:stone_pickaxe":78,"minecraft:diamond_axe":109,"minecraft:crafting_table":7,"minecraft:white_bed":2,"minecraft:diamond_pickaxe":530,"minecraft:bread":1,"minecraft:iron_pickaxe":172,"biomesoplenty:toadstool":1,"minecraft:stone_axe":130,"minecraft:diamond_sword":11,"minecraft:cobblestone":68,"minecraft:dandelion":1},"minecraft:custom":{"minecraft:interact_with_smithing_table":1,"minecraft:mob_kills":9,"minecraft:interact_with_crafting_table":15,"minecraft:open_barrel":1,"minecraft:bell_ring":4,"minecraft:leave_game":1,"minecraft:time_since_death":67872,"minecraft:climb_one_cm":1155,"minecraft:sprint_one_cm":88581,"minecraft:walk_one_cm":157130,"minecraft:drop":72,"minecraft:talked_to_villager":4,"minecraft:play_time":67872,"minecraft:sneak_time":3734,"minecraft:walk_under_water_one_cm":236,"minecraft:jump":614,"minecraft:walk_on_water_one_cm":6259,"minecraft:total_world_time":67872,"minecraft:interact_with_furnace":4,"minecraft:sleep_in_bed":1,"minecraft:time_since_rest":54378,"minecraft:damage_taken":1526,"minecraft:damage_dealt":2074,"minecraft:fly_one_cm":90081,"minecraft:open_chest":6,"minecraft:crouch_one_cm":9912,"minecraft:fall_one_cm":16128},"minecraft:crafted":{"minecraft:oak_planks":448,"minecraft:coal":81,"minecraft:bookshelf":48,"minecraft:diamond_helmet":1,"minecraft:diamond_leggings":1,"minecraft:diamond_boots":1,"minecraft:diamond_sword":1,"minecraft:diamond_axe":1,"minecraft:crafting_table":6,"minecraft:enchanting_table":1,"minecraft:spruce_planks":24,"minecraft:air":0,"minecraft:diamond_pickaxe":2,"minecraft:stick":12,"minecraft:iron_pickaxe":1,"minecraft:iron_ingot":3,"minecraft:diamond_chestplate":1},"minecraft:dropped":{"minecraft:wheat_seeds":1,"minecraft:diamond":15,"minecraft:bookshelf":13,"minecraft:dark_oak_sapling":1,"minecraft:cobblestone":160,"minecraft:book":54,"minecraft:chainmail_helmet":1,"projectvibrantjourneys:orange_bark_mushroom":4,"minecraft:stick":10,"minecraft:dirt":6,"minecraft:gray_wool":3,"minecraft:dark_oak_log":8,"minecraft:cornflower":1,"projectvibrantjourneys:fallen_leaves":1,"farmersdelight:onion":3,"minecraft:chainmail_leggings":1,"minecraft:string":3,"projectvibrantjourneys:bark_mushroom":5,"minecraft:bone":2,"minecraft:cobbled_deepslate":279,"minecraft:tuff":21,"minecraft:rotten_flesh":4,"minecraft:oak_planks":182,"minecraft:chainmail_chestplate":2,"minecraft:spruce_planks":24,"minecraft:diamond_pickaxe":3,"minecraft:stone_brick_wall":1,"minecraft:oak_sapling":1,"minecraft:chainmail_boots":1,"minecraft:stone_pressure_plate":4,"minecraft:spider_eye":1,"minecraft:spruce_log":9,"minecraft:bow":1}},"DataVersion":3465}